{"extracted_information": "Comprehensive API documentation for Porkbun API V3 Beta, covering domain management, DNS management, and SSL certificate retrieval via JSON content sent to URI endpoints via HTTP POST. Authentication requires API key and secret API key. Includes details on endpoint URIs, parameters, response elements, examples, error handling, and rate limits for domain checks.", "specifications": {"api_version": "V3 Beta", "protocol": "HTTP POST", "content_type": "JSON", "api_hostname": "api.porkbun.com", "ipv4_only_hostname": "api-ipv4.porkbun.com", "errors": {"http_status_codes": "Any HTTP response code other than 200 is an error.", "status_element": "Errors are indicated in the 'status' element of the returned JSON.", "403_error": "Additional authentication information is required, such as a two factor code."}}, "pricing": {"domain_pricing_endpoint": {"description": "Check default domain pricing information for all supported TLDs.", "authentication_required": "No", "uri_endpoint": "https://api.porkbun.com/api/json/v3/pricing/get", "json_command": "None", "json_response": {"status": "SUCCESS", "pricing": "{'tld': {'registration': 'price', 'renewal': 'price', 'transfer': 'price'}, ...}"}}}, "features": [{"category": "General API Information", "endpoints": [{"name": "Ping", "description": "Tests communication with the API and returns your IP address.", "uri_endpoint": "https://api.porkbun.com/api/json/v3/ping", "authentication": "API Key and Secret API Key in JSON command.", "command_elements": [{"name": "secretapikey", "description": "Your secret API key."}, {"name": "apikey", "description": "Your API key."}], "response_elements": [{"name": "status", "description": "A status indicating whether or not the command was successfuly processed."}, {"name": "yourIp", "description": "Your IP address."}], "json_command_example": {"secretapikey": "YOUR_SECRET_API_KEY", "apikey": "YOUR_API_KEY"}, "json_response_example": {"status": "SUCCESS", "yourIp": "47.253.4.207"}}]}, {"category": "Domain Functionality", "endpoints": [{"name": "Domain Update Name Servers", "description": "Update the name servers for your domain.", "uri_endpoint": "https://api.porkbun.com/api/json/v3/domain/updateNs/DOMAIN", "authentication": "API Key and Secret API Key in JSON command.", "command_elements": [{"name": "secretapikey", "description": "Your secret API key."}, {"name": "apikey", "description": "Your API key."}, {"name": "ns", "description": "An array of name servers that you would like to update your domain with."}], "response_elements": [{"name": "status", "description": "A status indicating whether or not the command was successfuly processed."}], "json_command_example": {"secretapikey": "YOUR_SECRET_API_KEY", "apikey": "YOUR_API_KEY", "ns": ["ns1.example.com", "ns2.example.com"]}, "json_response_example": {"status": "SUCCESS"}}, {"name": "Domain Get Name Servers", "description": "Get the authoritative name servers listed at the registry for your domain.", "uri_endpoint": "https://api.porkbun.com/api/json/v3/domain/getNs/DOMAIN", "authentication": "API Key and Secret API Key in JSON command.", "command_elements": [{"name": "secretapikey", "description": "Your secret API key."}, {"name": "apikey", "description": "Your API key."}], "response_elements": [{"name": "status", "description": "A status indicating whether or not the command was successfuly processed."}, {"name": "ns", "description": "An array of name server host names."}], "json_command_example": {"secretapikey": "YOUR_SECRET_API_KEY", "apikey": "YOUR_API_KEY"}, "json_response_example": {"status": "SUCCESS", "ns": ["curitiba.ns.porkbun.com", "fortaleza.ns.porkbun.com", "maceio.ns.porkbun.com", "salvador.ns.porkbun.com"]}}, {"name": "Domain List All", "description": "Get all domain names in account. Domains are returned in chunks of 1000.", "uri_endpoint": "https://api.porkbun.com/api/json/v3/domain/listAll", "authentication": "API Key and Secret API Key in JSON command.", "command_elements": [{"name": "secretapikey", "description": "Your secret API key."}, {"name": "apikey", "description": "Your API key."}, {"name": "start", "description": "An index to start at when retrieving the domains, defaults to 0. To get all domains increment by 1000 until you receive an empty array.", "optional": true}, {"name": "includeLabels", "description": "If set to 'yes' we will return label information for the domains if it exists. Valid options are 'yes' or 'no'.", "optional": true}], "response_elements": [{"name": "status", "description": "A status indicating whether or not the command was successfuly processed."}, {"name": "domains", "description": "An array of domains and domain details in the account. Includes domain, status, tld, createDate, expireDate, securityLock, whoisPrivacy, autoRenew, notLocal, labels."}], "json_command_example": {"secretapikey": "YOUR_SECRET_API_KEY", "apikey": "YOUR_API_KEY", "start": "0", "includeLabels": "yes"}, "json_response_example": {"status": "SUCCESS", "domains": [{"domain": "borseth.ink", "status": "ACTIVE", "tld": "app", "createDate": "2018-08-20 17:52:51", "expireDate": "2023-08-20 17:52:51", "securityLock": "1", "whoisPrivacy": "1", "autoRenew": 0, "notLocal": 0, "labels": [{"id": "27240", "title": "cool", "color": "#ff9e9e"}, {"id": "27241", "title": "silly", "color": "#f00000"}]}]}}, {"name": "Domain Add URL Forward", "description": "Add URL forward for a domain.", "uri_endpoint": "https://api.porkbun.com/api/json/v3/domain/addUrlForward/DOMAIN", "authentication": "API Key and Secret API Key in JSON command.", "command_elements": [{"name": "secretapikey", "description": "Your secret API key."}, {"name": "apikey", "description": "Your API key."}, {"name": "subdomain", "description": "A subdomain that you would like to add URL forwarding for. Leave this blank to forward the root domain.", "optional": true}, {"name": "location", "description": "Where you'd like to forward the domain to."}, {"name": "type", "description": "The type of forward. Valid types are: temporary or permanent"}, {"name": "includePath", "description": "Whether or not to include the URI path in the redirection. Valid options are yes or no."}, {"name": "wildcard", "description": "Also forward all subdomains of the domain. Valid options are yes or no."}], "response_elements": [{"name": "status", "description": "A status indicating whether or not the command was successfuly processed."}], "json_command_example": {"secretapikey": "YOUR_SECRET_API_KEY", "apikey": "YOUR_API_KEY", "subdomain": "", "location": "https://porkbun.com", "type": "temporary", "includePath": "no", "wildcard": "yes"}, "json_response_example": {"status": "SUCCESS"}}, {"name": "Domain Get URL Forwarding", "description": "Get URL forwarding for a domain.", "uri_endpoint": "https://api.porkbun.com/api/json/v3/domain/getUrlForwarding/DOMAIN", "authentication": "API Key and Secret API Key in JSON command.", "command_elements": [{"name": "secretapikey", "description": "Your secret API key."}, {"name": "apikey", "description": "Your API key."}], "response_elements": [{"name": "status", "description": "A status indicating whether or not the command was successfuly processed."}, {"name": "forwards", "description": "An array of forwarding records for the domain. Includes id, subdomain, location, type, includePath, wildcard."}], "json_command_example": {"secretapikey": "YOUR_SECRET_API_KEY", "apikey": "YOUR_API_KEY"}, "json_response_example": {"status": "SUCCESS", "forwards": [{"id": "22049216", "subdomain": "", "location": "https://porkbun.com", "type": "temporary", "includePath": "no", "wildcard": "yes"}, {"id": "22049209", "subdomain": "blog", "location": "https://blog.porkbun.com", "type": "temporary", "includePath": "no", "wildcard": "yes"}]}}, {"name": "Domain Delete URL Forward", "description": "Delete a URL forward for a domain.", "uri_endpoint": "https://api.porkbun.com/api/json/v3/domain/deleteUrlForward/DOMAIN/RECORD ID", "authentication": "API Key and Secret API Key in JSON command.", "command_elements": [{"name": "secretapikey", "description": "Your secret API key."}, {"name": "apikey", "description": "Your API key."}], "response_elements": [{"name": "status", "description": "A status indicating whether or not the command was successfuly processed."}], "json_command_example": {"secretapikey": "YOUR_SECRET_API_KEY", "apikey": "YOUR_API_KEY"}, "json_response_example": {"status": "SUCCESS"}}, {"name": "Domain Check", "description": "Check a domain's availability.", "uri_endpoint": "https://api.porkbun.com/api/json/v3/domain/checkDomain/DOMAIN", "authentication": "API Key and Secret API Key in JSON command.", "command_elements": [{"name": "secretapikey", "description": "Your secret API key."}, {"name": "apikey", "description": "Your API key."}], "response_elements": [{"name": "status", "description": "A status indicating whether or not the command was successfuly processed."}, {"name": "response", "description": "The availability response. Includes avail, type, price, firstYearPromo, regularPrice, premium, additional (renewal, transfer pricing)."}, {"name": "limits", "description": "Rate limit information for the domain check endpoint. Includes TTL, limit, used, naturalLanguage."}], "json_command_example": {"secretapikey": "YOUR_SECRET_API_KEY", "apikey": "YOUR_API_KEY"}, "json_response_example": {"status": "SUCCESS", "response": {"avail": "no", "type": "registration", "price": "1.01", "firstYearPromo": "yes", "regularPrice": "11.82", "premium": "no", "additional": {"renewal": {"type": "renewal", "price": "11.82", "regularPrice": "11.82"}, "transfer": {"type": "transfer", "price": "11.82", "regularPrice": "11.82"}}}, "limits": {"TTL": "10", "limit": "1", "used": 1, "naturalLanguage": "1 out of 1 checks within 10 seconds used."}}}, {"name": "Domain Create Glue Record", "description": "Create glue record for a domain.", "uri_endpoint": "https://api.porkbun.com/api/json/v3/domain/createGlue/DOMAIN/GLUE_HOST_SUBDOMAIN", "authentication": "API Key and Secret API Key in JSON command.", "command_elements": [{"name": "secretapikey", "description": "Your secret API key."}, {"name": "apikey", "description": "Your API key."}, {"name": "ips", "description": "An array of IP addresses."}], "response_elements": [{"name": "status", "description": "A status indicating whether or not the command was successfuly processed."}], "json_command_example": {"secretapikey": "YOUR_SECRET_API_KEY", "apikey": "YOUR_API_KEY", "ips": ["192.168.1.1", "2001:db8:3333:4444:5555:6666:7777:8888"]}, "json_response_example": {"status": "SUCCESS"}}, {"name": "Domain Update Glue Record", "description": "Update glue record for a domain.", "uri_endpoint": "https://api.porkbun.com/api/json/v3/domain/updateGlue/DOMAIN/GLUE_HOST_SUBDOMAIN", "authentication": "API Key and Secret API Key in JSON command.", "command_elements": [{"name": "secretapikey", "description": "Your secret API key."}, {"name": "apikey", "description": "Your API key."}, {"name": "ips", "description": "An array of IP addresses. Current IP addresses will be removed and replaced with these ones."}], "response_elements": [{"name": "status", "description": "A status indicating whether or not the command was successfuly processed."}], "json_command_example": {"secretapikey": "YOUR_SECRET_API_KEY", "apikey": "YOUR_API_KEY", "ips": ["192.168.1.1", "2001:db8:3333:4444:5555:6666:7777:8888"]}, "json_response_example": {"status": "SUCCESS"}}, {"name": "Domain Delete Glue Record", "description": "Delete glue record for a domain.", "uri_endpoint": "https://api.porkbun.com/api/json/v3/domain/deleteGlue/DOMAIN/GLUE_HOST_SUBDOMAIN", "authentication": "API Key and Secret API Key in JSON command.", "command_elements": [{"name": "secretapikey", "description": "Your secret API key."}, {"name": "apikey", "description": "Your API key."}], "response_elements": [{"name": "status", "description": "A status indicating whether or not the command was successfuly processed."}], "json_command_example": {"secretapikey": "YOUR_SECRET_API_KEY", "apikey": "YOUR_API_KEY"}, "json_response_example": {"status": "SUCCESS"}}, {"name": "Domain Get Glue Records", "description": "Get glue records for a domain.", "uri_endpoint": "https://api.porkbun.com/api/json/v3/domain/getGlue/DOMAIN", "authentication": "API Key and Secret API Key in JSON command.", "command_elements": [{"name": "secretapikey", "description": "Your secret API key."}, {"name": "apikey", "description": "Your API key."}], "response_elements": [{"name": "status", "description": "A status indicating whether or not the command was successfuly processed."}, {"name": "hosts", "description": "An array of glue records, including host name and IP addresses (v4 and v6)."}], "json_command_example": {"secretapikey": "YOUR_SECRET_API_KEY", "apikey": "YOUR_API_KEY"}, "json_response_example": {"status": "SUCCESS", "hosts": [["ns1.borseth.design", {"v6": ["2001:db8:3333:4444:5555:6666:7777:8888"], "v4": ["192.168.1.1"]}], ["ns2.borseth.design", {"v6": ["2001:db8:3333:4444:5555:6666:7777:8889"], "v4": ["192.168.1.2"]}]]}}]}, {"category": "DNS Functionality", "endpoints": [{"name": "DNS Create Record", "description": "Create a DNS record.", "uri_endpoint": "https://api.porkbun.com/api/json/v3/dns/create/DOMAIN", "authentication": "API Key and Secret API Key in JSON command.", "command_elements": [{"name": "secretapikey", "description": "Your secret API key."}, {"name": "apikey", "description": "Your API key."}, {"name": "name", "description": "The subdomain for the record being created, not including the domain itself. Leave blank to create a record on the root domain. Use * to create a wildcard record.", "optional": true}, {"name": "type", "description": "The type of record being created. Valid types are: A, MX, CNAME, ALIAS, TXT, NS, AAAA, SRV, TLSA, CAA, HTTPS, SVCB"}, {"name": "content", "description": "The answer content for the record."}, {"name": "ttl", "description": "The time to live in seconds for the record. The minimum and the default is 600 seconds.", "optional": true}, {"name": "prio", "description": "The priority of the record for those that support it.", "optional": true}, {"name": "notes", "description": "Any notes that you'd like to set for the record.", "optional": true}], "response_elements": [{"name": "status", "description": "A status indicating whether or not the command was successfuly processed."}, {"name": "id", "description": "The ID of the record created."}], "json_command_example": {"secretapikey": "YOUR_SECRET_API_KEY", "apikey": "YOUR_API_KEY", "name": "www", "type": "A", "content": "1.1.1.1", "ttl": "600"}, "json_response_example": {"status": "SUCCESS", "id": "106926659"}}, {"name": "DNS Edit Record by Domain and ID", "description": "Edit a DNS record.", "uri_endpoint": "https://api.porkbun.com/api/json/v3/dns/edit/DOMAIN/ID", "authentication": "API Key and Secret API Key in JSON command.", "command_elements": [{"name": "secretapikey", "description": "Your secret API key."}, {"name": "apikey", "description": "Your API key."}, {"name": "name", "description": "The subdomain for the record being created, not including the domain itself. Leave blank to create a record on the root domain. Use * to create a wildcard record.", "optional": true}, {"name": "type", "description": "The type of record being created. Valid types are: A, MX, CNAME, ALIAS, TXT, NS, AAAA, SRV, TLSA, CAA, HTTPS, SVCB"}, {"name": "content", "description": "The answer content for the record."}, {"name": "ttl", "description": "The time to live in seconds for the record. The minimum and the default is 600 seconds.", "optional": true}, {"name": "prio", "description": "The priority of the record for those that support it.", "optional": true}, {"name": "notes", "description": "Any notes that you'd like to set for the record. Passing an empty string will clear the notes, passing null will make no changes.", "optional": true}], "response_elements": [{"name": "status", "description": "A status indicating whether or not the command was successfuly processed."}], "json_command_example": {"secretapikey": "YOUR_SECRET_API_KEY", "apikey": "YOUR_API_KEY", "name": "www", "type": "A", "content": "1.1.1.2", "ttl": "600"}, "json_response_example": {"status": "SUCCESS"}}, {"name": "DNS Edit Record by Domain, Subdomain and Type", "description": "Edit all records for the domain that match a particular subdomain and type.", "uri_endpoint": "https://api.porkbun.com/api/json/v3/dns/editByNameType/DOMAIN/TYPE/[SUBDOMAIN]", "authentication": "API Key and Secret API Key in JSON command.", "command_elements": [{"name": "secretapikey", "description": "Your secret API key."}, {"name": "apikey", "description": "Your API key."}, {"name": "content", "description": "The answer content for the record."}, {"name": "ttl", "description": "The time to live in seconds for the record. The minimum and the default is 600 seconds.", "optional": true}, {"name": "prio", "description": "The priority of the record for those that support it.", "optional": true}, {"name": "notes", "description": "Any notes that you'd like to set for the record. Passing an empty string will clear the notes, passing null will make no changes.", "optional": true}], "response_elements": [{"name": "status", "description": "A status indicating whether or not the command was successfuly processed."}], "json_command_example": {"secretapikey": "YOUR_SECRET_API_KEY", "apikey": "YOUR_API_KEY", "content": "1.1.1.2", "ttl": "600"}, "json_response_example": {"status": "SUCCESS"}}, {"name": "DNS Delete Record by Domain and ID", "description": "Delete a specific DNS record.", "uri_endpoint": "https://api.porkbun.com/api/json/v3/dns/delete/DOMAIN/ID", "authentication": "API Key and Secret API Key in JSON command.", "command_elements": [{"name": "secretapikey", "description": "Your secret API key."}, {"name": "apikey", "description": "Your API key."}], "response_elements": [{"name": "status", "description": "A status indicating whether or not the command was successfuly processed."}], "json_command_example": {"secretapikey": "YOUR_SECRET_API_KEY", "apikey": "YOUR_API_KEY"}, "json_response_example": {"status": "SUCCESS"}}, {"name": "DNS Delete Records by Domain, Subdomain and Type", "description": "Delete all records for the domain that match a particular subdomain and type.", "uri_endpoint": "https://api.porkbun.com/api/json/v3/dns/deleteByNameType/DOMAIN/TYPE/[SUBDOMAIN]", "authentication": "API Key and Secret API Key in JSON command.", "command_elements": [{"name": "secretapikey", "description": "Your secret API key."}, {"name": "apikey", "description": "Your API key."}], "response_elements": [{"name": "status", "description": "A status indicating whether or not the command was successfuly processed."}], "json_command_example": {"secretapikey": "YOUR_SECRET_API_KEY", "apikey": "YOUR_API_KEY"}, "json_response_example": {"status": "SUCCESS"}}, {"name": "DNS Retrieve Records by Domain or ID", "description": "Retrieve all editable DNS records associated with a domain or a single record for a particular record ID.", "uri_endpoint": "https://api.porkbun.com/api/json/v3/dns/retrieve/DOMAIN/ID (or /DOMAIN)", "authentication": "API Key and Secret API Key in JSON command.", "command_elements": [{"name": "secretapikey", "description": "Your secret API key."}, {"name": "apikey", "description": "Your API key."}], "response_elements": [{"name": "status", "description": "A status indicating whether or not the command was successfuly processed."}, {"name": "records", "description": "An array of DNS records. Includes id, name, type, content, ttl, prio, notes."}], "json_command_example": {"secretapikey": "YOUR_SECRET_API_KEY", "apikey": "YOUR_API_KEY"}, "json_response_example": {"status": "SUCCESS", "records": [{"id": "106926652", "name": "borseth.ink", "type": "A", "content": "1.1.1.1", "ttl": "600", "prio": "0", "notes": ""}, {"id": "106926659", "name": "www.borseth.ink", "type": "A", "content": "1.1.1.1", "ttl": "600", "prio": "0", "notes": ""}]}, "json_response_example_with_id": {"status": "SUCCESS", "records": [{"id": "106926652", "name": "borseth.ink", "type": "A", "content": "1.1.1.1", "ttl": "600", "prio": "0", "notes": ""}]}}, {"name": "DNS Retrieve Records by Domain, Subdomain and Type", "description": "Retrieve all editable DNS records associated with a domain, subdomain and type.", "uri_endpoint": "https://api.porkbun.com/api/json/v3/dns/retrieveByNameType/DOMAIN/TYPE/[SUBDOMAIN]", "authentication": "API Key and Secret API Key in JSON command.", "command_elements": [{"name": "secretapikey", "description": "Your secret API key."}, {"name": "apikey", "description": "Your API key."}], "response_elements": [{"name": "status", "description": "A status indicating whether or not the command was successfuly processed."}, {"name": "records", "description": "An array of DNS records. Includes id, name, type, content, ttl, prio, notes."}], "json_command_example": {"secretapikey": "YOUR_SECRET_API_KEY", "apikey": "YOUR_API_KEY"}, "json_response_example": {"status": "SUCCESS", "records": [{"id": "106926659", "name": "www.borseth.ink", "type": "A", "content": "1.1.1.1", "ttl": "600", "prio": "0", "notes": ""}]}}, {"name": "DNSSEC Create Record", "description": "Create a DNSSEC record at the registry.", "uri_endpoint": "https://api.porkbun.com/api/json/v3/dns/createDnssecRecord/DOMAIN", "authentication": "API Key and Secret API Key in JSON command.", "command_elements": [{"name": "secretapikey", "description": "Your secret API key."}, {"name": "apikey", "description": "Your API key."}, {"name": "keyTag", "description": "Key Tag"}, {"name": "alg", "description": "DS Data Algorithm"}, {"name": "digestType", "description": "Digest Type"}, {"name": "digest", "description": "Digest"}, {"name": "maxSigLife", "description": "Max Sig Life", "optional": true}, {"name": "keyDataFlags", "description": "Key Data Flags", "optional": true}, {"name": "keyDataProtocol", "description": "Key Data Protocol", "optional": true}, {"name": "keyDataAlgo", "description": "Key Data Algorithm", "optional": true}, {"name": "keyDataPubKey", "description": "Key Data Public Key", "optional": true}], "response_elements": [{"name": "status", "description": "A status indicating whether or not the command was successfuly processed."}], "json_command_example": {"secretapikey": "YOUR_SECRET_API_KEY", "apikey": "YOUR_API_KEY", "keyTag": "64087", "alg": "13", "digestType": "2", "digest": "15E445BD08128BDC213E25F1C8227DF4CB35186CAC701C1C335B2C406D5530DC", "maxSigLife": "", "keyDataFlags": "", "keyDataProtocol": "", "keyDataAlgo": "", "keyDataPubKey": ""}, "json_response_example": {"status": "SUCCESS"}}, {"name": "DNSSEC Get Records", "description": "Get the DNSSEC records associated with the domain at the registry.", "uri_endpoint": "https://api.porkbun.com/api/json/v3/dns/getDnssecRecords/DOMAIN", "authentication": "API Key and Secret API Key in JSON command.", "command_elements": [{"name": "secretapikey", "description": "Your secret API key."}, {"name": "apikey", "description": "Your API key."}], "response_elements": [{"name": "status", "description": "A status indicating whether or not the command was successfuly processed."}, {"name": "records", "description": "The DNSSEC records pulled from the registry. JSON object where keys are keyTags."}], "json_command_example": {"secretapikey": "YOUR_SECRET_API_KEY", "apikey": "YOUR_API_KEY"}, "json_response_example": {"status": "SUCCESS", "records": {"64087": {"keyTag": "64087", "alg": "13", "digestType": "2", "digest": "15E445BD08128BDC213E25F1C8227DF4CB35186CAC701C1C335B2C406D5530DC"}, "64086": {"keyTag": "64086", "alg": "13", "digestType": "2", "digest": "85E445BD08128BDC213E25F1C8227DF4CB35186CAC701C1C335B2C406D5530DC"}}}}, {"name": "DNSSEC Delete Record", "description": "Delete a DNSSEC record associated with the domain at the registry.", "uri_endpoint": "https://api.porkbun.com/api/json/v3/dns/deleteDnssecRecord/DOMAIN/KEYTAG", "authentication": "API Key and Secret API Key in JSON command.", "command_elements": [{"name": "secretapikey", "description": "Your secret API key."}, {"name": "apikey", "description": "Your API key."}], "response_elements": [{"name": "status", "description": "A status indicating whether or not the command was successfuly processed."}], "json_command_example": {"secretapikey": "YOUR_SECRET_API_KEY", "apikey": "YOUR_API_KEY"}, "json_response_example": {"status": "SUCCESS"}}]}, {"category": "SSL Functionality", "endpoints": [{"name": "SSL Retrieve Bundle by Domain", "description": "Retrieve the SSL certificate bundle for the domain.", "uri_endpoint": "https://api.porkbun.com/api/json/v3/ssl/retrieve/DOMAIN", "authentication": "API Key and Secret API Key in JSON command.", "command_elements": [{"name": "secretapikey", "description": "Your secret API key."}, {"name": "apikey", "description": "Your API key."}], "response_elements": [{"name": "status", "description": "A status indicating whether or not the command was successfuly processed."}, {"name": "certificatechain", "description": "The complete certificate chain."}, {"name": "privatekey", "description": "The private key."}, {"name": "publickey", "description": "The public key."}], "json_command_example": {"secretapikey": "YOUR_SECRET_API_KEY", "apikey": "YOUR_API_KEY"}, "json_response_example": {"status": "SUCCESS", "certificatechain": "----BEGIN CERTIFICATE-----\n...\n-----END CERTIFICATE-----\n\n----BEGIN CERTIFICATE-----\n...\n-----END CERTIFICATE-----\n\n----BEGIN CERTIFICATE-----\n...\n-----END CERTIFICATE-----\n", "privatekey": "-----BEGIN PRIVATE KEY-----\n...\n-----END PRIVATE KEY-----\n", "publickey": "-----BEGIN PUBLIC KEY-----\n...\n-----END PUBLIC KEY-----\n"}}]}], "statistics": {}, "temporal_info": {"dns_ttl": {"minimum": "600 seconds", "default": "600 seconds"}}, "geographical_data": {}, "references": ["https://kb.porkbun.com/article/190-getting-started-with-the-porkbun-dns-api"]}